id,pos_x,pos_y,pos_z,rot_x,rot_y,rot_z
sp_1.png,-0.000004312,-0.000007372,-0.000004312,75.60995,108.8286,109.0741
sp_2.png,0.000003109,0.000009817,-0.000001243,76.02381,109.1532,108.8963
sp_3.png,0.000009817,-0.000000779,-0.000008638,74.73002,109.8601,108.7106
sp_4.png,-0.000003619,0.000009062,0.000001600,74.96304,109.3502,111.0754
sp_5.png,-0.000001243,0.000002473,-0.000000779,75.96781,107.9486,108.8542
sp_6.png,-0.000008638,-0.000000517,0.000001882,76.69852,109.0531,108.9961
